a1,b1,c1,d1,e1,a2,b2,c2,d2,e2,z_min,z_max
5.97839154701601e-05,94.79938845230566,-442.0194803150662,-1.7801667009096418e-07,2.455580482639603e-10,0.0002931208527426583,79.80511050378624,347.58780148415826,4.1263469709551647e-07,1.7738537828935628e-10,-994.3510113442171,566.3989886557829
